<?xml version="1.0" encoding="UTF-8"?>    
<!DOCTYPE generatorConfiguration    
  PUBLIC "-//mybatis.org//DTD MyBatis Generator Configuration 1.0//EN"    
  "http://mybatis.org/dtd/mybatis-generator-config_1_0.dtd">    
<generatorConfiguration>    

    <classPathEntry  location="C:/Users/hjsra/Documents/mvn/mysql/mysql-connector-java/5.1.30/mysql-connector-java-5.1.30.jar"/>    
    <context id="DB2Tables"  targetRuntime="MyBatis3">    
        <commentGenerator>    
            <property name="suppressDate" value="true"/>    
            <property name="suppressAllComments" value="true"/>    
        </commentGenerator>    
        <jdbcConnection driverClass="com.mysql.jdbc.Driver" connectionURL="jdbc:mysql://47.90.59.223/mymvc" userId="hjs" password="hjs">    
        </jdbcConnection>    
        <javaTypeResolver>    
            <property name="forceBigDecimals" value="false"/>    
        </javaTypeResolver>    
        <javaModelGenerator targetPackage="com.hjs.pojo" targetProject="TestMVC Maven Webapp">    
            <property name="enableSubPackages" value="true"/>    
            <property name="trimStrings" value="true"/>    
        </javaModelGenerator>    
        <sqlMapGenerator targetPackage="com.hjs.mapping" targetProject="TestMVC Maven Webapp">    
            <property name="enableSubPackages" value="true"/>    
        </sqlMapGenerator>    
        <javaClientGenerator type="XMLMAPPER" targetPackage="com.hjs.dao" targetProject="TestMVC Maven Webapp">    
            <property name="enableSubPackages" value="true"/>    
        </javaClientGenerator>    
        <table tableName="user_t" domainObjectName="AboutDto" enableCountByExample="false" enableUpdateByExample="false" enableDeleteByExample="false" enableSelectByExample="false" selectByExampleQueryId="false"></table>    
        </context>    
</generatorConfiguration> 